Time,V1,V2,V3,V4,V5,V6,V7,V8,V9,V10,V11,V12,V13,V14,V15,V16,V17,V18,V19,V20,V21,V22,V23,V24,V25,V26,V27,V28,Amount,Class,Hour,Fraud_Spike
102773.42331832393,1.026250843117179,0.0672474269346884,-0.3690561008907517,-0.0737358962714725,-0.028458239311351743,0.01692337412485555,-0.1763225013707803,0.8323527793614596,0.8740226560346928,-0.9487472871383871,-0.09759055888982547,0.26735105062627607,-1.2324711995410276,-0.7554278589674639,0.36616295978024,-1.5583444999257017,1.4879131803440213,0.5126211082095034,0.09267406482185364,0.1861150341833315,0.745308329467891,-0.18880412054065948,1.680328508588692,0.1015644904968801,1.051678307992086,0.5932107681448837,-0.8677980684948734,0.741003970750951,484.9404264374674,0,0,0.7676295663863202
176410.78022814012,-0.5716546734873794,0.27702584513023465,0.4733416566314047,0.5748353610849495,0.5778344623732684,0.007012046072873327,1.9659844602786567,0.1347244865505951,0.07255639668932454,-0.4120501839484189,-0.9507410354348526,1.2141279384670913,-1.2280869470844284,-0.7441072064254494,-0.12886000007809184,1.6749649482127598,-0.09199545900034597,0.3938858501658516,-1.3704763598166319,-0.3686983041539758,-0.9213528872879139,-0.010067185797044603,-0.5165665155004141,-0.9259454797544437,0.781961439475029,-1.9150514255497477,-1.7419051908166083,-0.5236037377384852,218.01544889458958,1,15,0.36364739659714806
30744.676240453096,-1.4709844532150471,-0.5774992508885184,-1.6607211816430762,0.5093649311414905,-0.7982066636185594,0.30331945551225853,-0.844516092156588,-0.2689691939868333,0.05464325459082734,0.6909313724676002,-0.8336344702070903,0.4069648930994116,-1.514462057454186,-1.8725521366435598,-1.751559712038837,0.9775635132032,0.3447365729069076,0.8282322707697733,0.16845001216000197,0.5920353915654911,1.7655643883225924,-0.220986712125628,-0.07523229636228376,-0.8404167299655051,1.4001282116753013,0.04335751899172274,0.7655138876389104,0.7915057018610897,307.32500459314764,0,7,0.48390376655228784
